l_r_s,linea,coverage,gtfs_shape_id
015GIDA,15,0.9801,3100
028DVUELTA,28,0.9769,831
053AIDA,53,0.9364,2820
057HVUELTA,57,1.0000,3931
195GIDA,195,0.9912,12480
195FIDA,195,0.9948,12470
188DIDA,188,0.6667,1260
057NVUELTA,57,1.0000,17571
041AVUELTA,41,0.9623,3311
194DVUELTA,194,1.0000,4461
086BIDA,86,0.9535,2160
103DIDA,103,0.5588,6410
160CIDA,160,0.9535,2650
115BVUELTA,115,0.3571,681
008AVUELTA,8,0.7969,501
008AIDA,8,0.7784,500
057NIDA,57,1.0000,17580
086BVUELTA,86,0.9716,2161
086CVUELTA,86,0.9248,2171
086CIDA,86,0.9580,2170
160AVUELTA,160,1.0000,2631
160AIDA,160,1.0000,2630
160BIDA,160,1.0000,2640
160BVUELTA,160,1.0000,2641
015GVUELTA,15,0.9922,3101
015HIDA,15,0.9762,3180
021BVUELTA,21,0.7800,1621
151CVUELTA,151,1.0000,691
062CIDA,62,0.9000,43570
061DIDA,61,0.9375,43540
061CIDA,61,1.0000,43540
151DIDA,151,1.0000,690
151DVUELTA,151,0.8000,691
032AIDA,32,0.9796,1650
151CIDA,151,1.0000,690
047CVUELTA,47,0.9545,3331
151AIDA,151,1.0000,690
047CIDA,47,0.9592,3330
061BIDA,61,0.3974,43540
057EVUELTA,57,1.0000,17531
057FIDA,57,1.0000,17580
115CIDA,115,0.8545,680
088EIDA,88,1.0000,2890
041AIDA,41,0.9455,3310
015DIDA,15,0.9774,3130
021JVUELTA,21,0.7800,1621
042AIDA,42,1.0000,1010
015JIDA,15,0.9752,3100
021JIDA,21,0.7333,1540
070AIDA,70,0.9184,6860
042AVUELTA,42,1.0000,1011
070AVUELTA,70,1.0000,6861
062BIDA,62,0.4250,43570
194GVUELTA,194,0.9951,951
057AVUELTA,57,1.0000,3921
085BIDA,85,0.9740,2860
085BVUELTA,85,0.9467,2861
115BIDA,115,0.3243,680
115CVUELTA,115,0.6812,681
068BIDA,68,1.0000,4610
015AIDA,15,0.9801,3100
079AVUELTA,79,1.0000,3441
079BIDA,79,1.0000,3490
086AIDA,86,0.9008,2140
151AVUELTA,151,1.0000,691
151BVUELTA,151,0.5439,691
115AVUELTA,115,0.8200,681
047AVUELTA,47,0.9250,3331
042BVUELTA,42,1.0000,1011
060HVUELTA,60,1.0000,12971
079BVUELTA,79,0.9625,3491
088GVUELTA,88,0.9881,2931
088GIDA,88,1.0000,2950
096AVUELTA,96,0.9394,2241
160DVUELTA,160,0.9362,2661
160DIDA,160,0.9542,2660
159AVUELTA,159,1.0000,5791
042BIDA,42,1.0000,1010
176NNIDA,176,1.0000,18180
176CIDA,176,1.0000,18060
088NIDA,88,1.0000,19640
008GIDA,8,0.5165,500
028KIDA,28,1.0000,780
129BVUELTA,129,1.0000,43651
047AIDA,47,0.9189,3330
047BIDA,47,0.7812,3340
047BVUELTA,47,0.7051,3341
044AIDA,44,1.0000,640
015BIDA,15,0.9762,3180
023AIDA,23,0.7826,620
051CIDA,51,0.9864,3380
051GIDA,51,0.3000,3350
057PIDA,57,1.0000,6360
129FVUELTA,129,1.0000,43691
129FIDA,129,1.0000,43690
070BVUELTA,70,1.0000,2121
115AIDA,115,0.9756,680
129JIDA,129,1.0000,43730
129MVUELTA,129,1.0000,43761
129MIDA,129,0.9921,43760
129QIDA,129,1.0000,43810
070BIDA,70,0.8983,2120
195HIDA,195,0.9905,12480
195FVUELTA,195,1.0000,12471
195CVUELTA,195,0.9718,12431
042CIDA,42,0.6575,1010
044AVUELTA,44,0.9744,641
042CVUELTA,42,0.7195,1011
051DIDA,51,0.9808,3390
012AIDA,12,1.0000,630
033BIDA,33,1.0000,2740
051EVUELTA,51,1.0000,15831
051GVUELTA,51,0.4071,3351
071BIDA,71,0.8923,1120
106BIDA,106,0.2609,1130
106BVUELTA,106,0.4286,1131
106AIDA,106,0.9167,1130
045AIDA,45,1.0000,2030
063AVUELTA,63,0.8696,1341
008G-varianteIDA,8,0.5165,500
045AVUELTA,45,0.9082,2031
045BVUELTA,45,0.9831,3031
045BIDA,45,0.9796,3030
045CIDA,45,1.0000,3040
045CVUELTA,45,0.8784,2031
057PVUELTA,57,1.0000,6351
057QVUELTA,57,1.0000,17611
057QIDA,57,1.0000,17610
063AIDA,63,0.9600,1340
046AVUELTA,46,0.9059,2771
060CVUELTA,60,0.7600,12941
076AVUELTA,76,0.9444,651
076AIDA,76,0.9359,650
046AIDA,46,0.8971,2770
046BIDA,46,0.9565,2780
071BVUELTA,71,0.9508,1121
015FVUELTA,15,0.9524,3101
046BVUELTA,46,0.9529,2781
159MVUELTA,159,0.6000,5811
075AIDA,75,0.8281,1740
079AIDA,79,1.0000,3440
075AVUELTA,75,0.8493,1741
015EVUELTA,15,0.9762,3101
075BVUELTA,75,0.8382,1751
046CVUELTA,46,0.9221,37381
078AVUELTA,78,1.0000,1761
046CIDA,46,0.8983,37380
078AIDA,78,1.0000,1760
159MIDA,159,0.6579,5810
132AVUELTA,132,1.0000,911
078BIDA,78,1.0000,1780
132AIDA,132,0.7917,910
049AVUELTA,49,0.7069,2791
024CVUELTA,24,0.8462,17701
049AIDA,49,0.7119,2790
078BVUELTA,78,0.9796,1761
050AVUELTA,50,0.8462,491
078CIDA,78,0.8913,1770
050AIDA,50,0.8654,490
078CVUELTA,78,1.0000,1771
050BIDA,50,0.5800,490
050BVUELTA,50,0.6102,491
050CIDA,50,0.3333,490
050CVUELTA,50,0.2500,461
080CVUELTA,80,0.9730,3521
051BIDA,51,0.9623,3360
021BIDA,21,0.7333,1540
051BVUELTA,51,1.0000,3361
063BVUELTA,63,0.8676,1351
180DVUELTA,180,0.8571,6641
051CVUELTA,51,1.0000,3381
051EIDA,51,0.9762,15830
051FVUELTA,51,0.9722,3351
051FIDA,51,0.9636,3350
080CIDA,80,1.0000,3550
039FVUELTA,39,0.6410,3301
051HIDA,51,0.2909,3371
051HVUELTA,51,0.1923,3370
080DIDA,80,1.0000,15900
053BIDA,53,0.8085,2080
080DVUELTA,80,0.9730,15901
053BVUELTA,53,0.7552,2081
080EIDA,80,0.8947,15910
063BIDA,63,0.9623,1350
028GVUELTA,28,0.7719,801
064AVUELTA,64,0.9184,3401
026AIDA,26,0.9714,940
031BIDA,31,0.9423,16720
055AVUELTA,55,0.8919,2091
055AIDA,55,0.9178,2090
055BIDA,55,0.9189,17510
055BVUELTA,55,0.8933,17511
055CVUELTA,55,1.0000,17521
055CIDA,55,0.9444,17520
056AVUELTA,56,0.9640,1721
056AIDA,56,1.0000,1720
057CIDA,57,1.0000,19670
028GIDA,28,0.8750,800
057CVUELTA,57,1.0000,19671
064AIDA,64,0.9483,3410
057HIDA,57,1.0000,3930
057IVUELTA,57,1.0000,17561
057IIDA,57,1.0000,19670
057MVUELTA,57,1.0000,3911
057NNIDA,57,1.0000,3940
057NNVUELTA,57,1.0000,3941
057OIDA,57,1.0000,17590
057BIDA,57,1.0000,2060
057BVUELTA,57,1.0000,2061
057DVUELTA,57,1.0000,17561
057DIDA,57,1.0000,3920
057EIDA,57,1.0000,3930
057OVUELTA,57,1.0000,17591
065AVUELTA,65,0.9535,861
080EVUELTA,80,0.9211,3521
084AIDA,84,0.9583,710
084AVUELTA,84,0.9697,711
132BIDA,132,0.7963,930
057AIDA,57,1.0000,3920
057JIDA,57,1.0000,2060
057JVUELTA,57,1.0000,17601
057KIDA,57,1.0000,17540
057KVUELTA,57,1.0000,17541
132BVUELTA,132,1.0000,931
132CVUELTA,132,1.0000,921
060FIDA,60,0.9643,12950
060FVUELTA,60,0.9655,12951
060GVUELTA,60,0.8857,12831
060GIDA,60,0.8917,12830
015AVUELTA,15,0.9922,3101
160CVUELTA,160,0.9343,2651
188DVUELTA,188,0.7778,1261
087AIDA,87,0.9516,1790
088AIDA,88,0.9709,2890
088AVUELTA,88,0.9552,2891
088BIDA,88,0.9649,2900
088BVUELTA,88,0.9718,2901
088CIDA,88,1.0000,2910
088CVUELTA,88,0.9917,2911
088DIDA,88,1.0000,2920
088DVUELTA,88,1.0000,2921
092DVUELTA,92,0.9762,39401
091BVUELTA,91,0.9624,1841
133AVUELTA,133,0.9556,62711
133AIDA,133,0.9714,62740
103DVUELTA,103,1.0000,6411
132CIDA,132,0.6786,910
065AIDA,65,0.8814,860
065BIDA,65,0.9487,860
065BVUELTA,65,0.8049,861
008EVUELTA,8,0.1500,530
151BIDA,151,0.7119,690
085DVUELTA,85,0.9677,2861
179CVUELTA,179,0.8727,12321
176AVUELTA,176,0.9386,6541
176AIDA,176,0.9727,6540
179CIDA,179,0.8654,12320
179BVUELTA,179,0.8261,12311
179AIDA,179,0.8400,6600
179AVUELTA,179,0.8095,6601
053AVUELTA,53,0.8595,2821
057FVUELTA,57,1.0000,17571
057GVUELTA,57,1.0000,17581
057GIDA,57,1.0000,17580
057MIDA,57,1.0000,3910
085AVUELTA,85,0.9556,2131
085AIDA,85,0.9783,2130
195EIDA,195,1.0000,12430
195DIDA,195,1.0000,12450
086AVUELTA,86,0.9730,2141
159IVUELTA,159,0.7313,5771
176LVUELTA,176,0.9885,18151
176LIDA,176,1.0000,18060
176KIDA,176,0.9778,6540
176KVUELTA,176,0.9192,6541
194EVUELTA,194,0.9951,951
194JIDA,194,0.9758,980
194JVUELTA,194,0.9826,981
194IVUELTA,194,0.9809,961
194IIDA,194,0.9721,980
194HIDA,194,1.0000,950
194HVUELTA,194,1.0000,971
087BIDA,87,0.8824,1810
088EVUELTA,88,0.9892,2931
088FVUELTA,88,1.0000,2941
088FIDA,88,1.0000,2900
194DIDA,194,1.0000,4460
194CIDA,194,0.9917,4450
194CVUELTA,194,0.9922,4451
194BIDA,194,1.0000,950
194BVUELTA,194,1.0000,971
194AIDA,194,0.9944,950
194AVUELTA,194,0.9951,951
194GIDA,194,0.9944,950
057RVUELTA,57,1.0000,17621
057RIDA,57,1.0000,17620
075BIDA,75,0.8308,1750
060EIDA,60,0.9873,12890
008EIDA,8,0.2174,501
061AIDA,61,0.9778,43540
062AIDA,62,0.9524,43570
174AVUELTA,174,0.8033,36951
057LVUELTA,57,1.0000,6351
057LIDA,57,1.0000,6360
059AVUELTA,59,0.9583,2101
064BIDA,64,0.9483,3410
059AIDA,59,0.9765,2100
129AIDA,129,1.0000,43640
059BIDA,59,0.9759,2840
059BVUELTA,59,0.9589,2841
059CIDA,59,0.9655,2850
059CVUELTA,59,0.9434,2851
059DVUELTA,59,0.9571,15281
059DIDA,59,0.9780,15280
060AIDA,60,0.8372,12830
060AVUELTA,60,0.8108,12801
060BIDA,60,1.0000,12840
060BVUELTA,60,1.0000,12841
060DVUELTA,60,1.0000,12941
033AIDA,33,1.0000,2730
060EVUELTA,60,1.0000,12891
051AVUELTA,51,0.9813,3351
051AIDA,51,0.9775,3350
174AIDA,174,0.8448,36950
090AVUELTA,90,0.6604,24741
029CVUELTA,29,0.9020,3201
031AVUELTA,31,0.9365,16711
129DIDA,129,1.0000,43670
129DVUELTA,129,1.0000,43671
129EVUELTA,129,1.0000,43681
129EIDA,129,1.0000,43680
129IVUELTA,129,1.0000,43721
129IIDA,129,1.0000,43720
129NVUELTA,129,0.9360,43721
129OIDA,129,1.0000,43790
129OVUELTA,129,1.0000,43791
129QVUELTA,129,1.0000,43811
195EVUELTA,195,1.0000,12461
195DVUELTA,195,0.9748,12451
051DVUELTA,51,1.0000,3391
064BVUELTA,64,0.9362,3411
002AIDA,2,0.9429,3070
031BVUELTA,31,0.9683,16721
031CIDA,31,0.9388,30380
031CVUELTA,31,0.9298,30381
032AVUELTA,32,1.0000,1651
034AIDA,34,0.7500,17421
034BVUELTA,34,0.8929,17421
195CIDA,195,1.0000,12430
195BIDA,195,1.0000,12430
195BVUELTA,195,0.9726,12431
195AIDA,195,1.0000,12420
195AVUELTA,195,0.9675,12421
007AIDA,7,1.0000,1000
001AVUELTA,1,0.8197,1511
007AVUELTA,7,0.9107,1001
001AIDA,1,0.8101,1510
002AVUELTA,2,0.9333,3071
002BVUELTA,2,0.8727,3081
008CIDA,8,0.9677,530
002BIDA,2,0.8833,3080
008CVUELTA,8,0.8056,501
004AIDA,4,0.8966,2700
008FIDA,8,1.0000,510
004AVUELTA,4,0.8980,2701
008F-varianteIDA,8,0.7679,510
004BVUELTA,4,0.7714,2721
008F-varianteVUELTA,8,0.8043,511
004BIDA,4,0.7973,2720
012BVUELTA,12,1.0000,4521
007BVUELTA,7,0.7808,4531
012BIDA,12,1.0000,4520
007BIDA,7,0.7857,4530
012CIDA,12,0.9500,630
008BIDA,8,0.9846,520
008BVUELTA,8,0.9091,521
008DIDA,8,0.2955,530
012CVUELTA,12,0.9167,631
008DVUELTA,8,0.2182,501
008FVUELTA,8,0.9756,511
008GVUELTA,8,0.5094,501
008G-varianteVUELTA,8,0.5094,501
009BVUELTA,9,0.8814,1071
021FVUELTA,21,1.0000,1581
009BIDA,9,0.8571,1070
021HIDA,21,1.0000,1560
009CVUELTA,9,0.3478,1061
009CIDA,9,0.2979,1060
024CIDA,24,0.7714,17700
009AIDA,9,0.8475,1060
185CIDA,185,0.9091,18030
009AVUELTA,9,0.8750,1061
185CVUELTA,185,0.9118,18031
010AVUELTA,10,0.9577,1041
010AIDA,10,0.9211,1040
012AVUELTA,12,1.0000,631
015BVUELTA,15,0.9903,3111
015CVUELTA,15,0.9888,3101
015CIDA,15,0.9712,3100
015DVUELTA,15,0.9910,3131
015EIDA,15,0.9455,3100
015FIDA,15,0.9216,3100
015HVUELTA,15,0.9903,3111
015IIDA,15,0.9712,3100
015IVUELTA,15,0.9888,3101
015JVUELTA,15,0.9902,3101
017AIDA,17,1.0000,1050
185BIDA,185,0.8070,18020
017AVUELTA,17,1.0000,1051
185BVUELTA,185,0.9434,18021
019AIDA,19,1.0000,2020
037CVUELTA,37,1.0000,3271
019AVUELTA,19,0.9828,2021
037CIDA,37,0.9783,3270
020AVUELTA,20,0.7917,1311
020AIDA,20,0.9167,1310
020BIDA,20,0.8986,1320
020BVUELTA,20,0.7632,1321
021AIDA,21,0.9062,1520
021AVUELTA,21,0.9310,1521
021CVUELTA,21,0.9107,1551
021CIDA,21,0.9508,1550
021DIDA,21,0.7531,1600
021DVUELTA,21,0.8026,1601
021EIDA,21,0.9481,1590
021EVUELTA,21,0.9878,1591
021FIDA,21,1.0000,1580
039AVUELTA,39,0.7317,3281
021GVUELTA,21,1.0000,1571
039AIDA,39,0.7857,3280
021GIDA,21,1.0000,1570
021HVUELTA,21,1.0000,1561
021IIDA,21,0.9508,1550
021IVUELTA,21,0.9107,1551
021KVUELTA,21,0.9219,1531
021KIDA,21,0.9577,1540
022AIDA,22,0.8857,1080
022AVUELTA,22,0.8308,1081
022BVUELTA,22,0.8197,1081
022BIDA,22,0.8615,1080
023AVUELTA,23,0.8529,621
024AVUELTA,24,0.8939,1631
024AIDA,24,0.8730,1630
024BVUELTA,24,0.8939,1641
024BIDA,24,0.8788,1640
025AVUELTA,25,0.6061,701
039BVUELTA,39,0.7660,3291
025AIDA,25,0.8182,700
026AVUELTA,26,1.0000,941
028AIDA,28,0.8939,760
185AVUELTA,185,0.9559,6691
028AVUELTA,28,0.8193,851
028BVUELTA,28,0.8550,851
028BIDA,28,0.8444,850
028CVUELTA,28,0.7727,841
028CIDA,28,0.8652,840
028DIDA,28,0.9250,830
028EIDA,28,0.8810,830
028EVUELTA,28,0.9703,821
028FIDA,28,0.9125,810
028FVUELTA,28,0.9459,811
028HIDA,28,0.8901,830
028HVUELTA,28,0.9804,831
195IVUELTA,195,1.0000,12501
195IIDA,195,1.0000,12480
195HVUELTA,195,1.0000,12481
195GVUELTA,195,1.0000,12481
194FIDA,194,1.0000,4480
194FVUELTA,194,1.0000,971
194EIDA,194,0.9944,950
193CIDA,193,1.0000,18000
193CVUELTA,193,0.9870,18001
193BVUELTA,193,0.9872,17991
182DVUELTA,182,1.0000,18041
193BIDA,193,1.0000,17990
182CVUELTA,182,1.0000,6681
193AVUELTA,193,0.9870,4421
193AIDA,193,1.0000,4420
188EIDA,188,0.9167,1270
182CIDA,182,0.9756,6680
188EVUELTA,188,0.8795,1271
188CVUELTA,188,0.8140,1231
188CIDA,188,0.9036,1230
188BVUELTA,188,1.0000,1221
188BIDA,188,1.0000,1220
188AIDA,188,1.0000,1210
188AVUELTA,188,0.9882,1211
185AIDA,185,0.8070,6690
181AIDA,181,0.9231,1970
184AVUELTA,184,0.8182,60301
181AVUELTA,181,0.7727,1971
184AIDA,184,0.8837,60300
182DIDA,182,0.9348,18040
182BIDA,182,1.0000,6670
182BVUELTA,182,0.9683,6671
182AVUELTA,182,0.9880,6661
182AIDA,182,0.9744,6660
181BIDA,181,0.9655,1980
180GVUELTA,180,0.9200,6621
181BVUELTA,181,0.7910,1981
180EIDA,180,0.9706,6650
180HVUELTA,180,0.8406,15481
180HIDA,180,0.9167,15480
180IVUELTA,180,0.8523,15491
180IIDA,180,0.9062,15490
180FIDA,180,0.9737,17290
180EVUELTA,180,1.0000,6621
180FVUELTA,180,0.8571,17291
180DIDA,180,0.7879,6640
180CIDA,180,0.8689,6630
180CVUELTA,180,0.9508,6631
180BIDA,180,0.9796,6620
180BVUELTA,180,0.9762,6621
180AIDA,180,0.9706,6610
180AVUELTA,180,0.9273,6611
179BIDA,179,0.8261,12310
178DVUELTA,178,0.6712,6591
178DIDA,178,0.7353,6590
178CIDA,178,0.9828,6580
178CVUELTA,178,0.8955,6581
178BIDA,178,0.7391,6560
178BVUELTA,178,0.7436,6561
178AIDA,178,0.7273,6550
178AVUELTA,178,0.7857,6551
177BIDA,177,1.0000,15950
177BVUELTA,177,0.9167,12241
177AVUELTA,177,1.0000,12241
177AIDA,177,1.0000,12240
028IIDA,28,0.7647,830
039BIDA,39,0.8103,3290
028IVUELTA,28,0.9726,821
028JIDA,28,0.9531,4430
028JVUELTA,28,0.8977,831
028KVUELTA,28,0.8644,781
039CIDA,39,0.7273,3300
028LIDA,28,0.8806,17150
028LVUELTA,28,0.7573,17151
029AVUELTA,29,0.8750,3201
039CVUELTA,39,0.6809,3301
029AIDA,29,0.9605,3200
029BIDA,29,0.9643,3210
029BVUELTA,29,0.8788,3211
039DIDA,39,0.7609,15790
029CIDA,29,0.9467,3200
031AIDA,31,0.9388,30380
033AVUELTA,33,0.8969,2731
033BVUELTA,33,0.8958,2741
033CVUELTA,33,0.8925,2751
033CIDA,33,0.9706,2750
033DIDA,33,0.9694,2760
033DVUELTA,33,0.8901,2761
033EIDA,33,1.0000,2730
033EVUELTA,33,0.9615,3021
033FVUELTA,33,0.9608,2741
033FIDA,33,1.0000,17340
033GVUELTA,33,0.9583,2751
039DVUELTA,39,0.7059,15791
033GIDA,33,0.9483,17350
033HVUELTA,33,0.9565,17361
033HIDA,33,0.9434,2760
033IIDA,33,0.9412,17370
039EIDA,39,0.7755,3290
033IVUELTA,33,0.8868,17371
034AVUELTA,34,0.8286,17421
034BIDA,34,0.7073,4690
039EVUELTA,39,0.7500,15801
034CIDA,34,0.4915,17421
068AVUELTA,68,1.0000,2001
034CVUELTA,34,0.4533,17421
068AIDA,68,1.0000,4610
037AIDA,37,0.9798,3250
037AVUELTA,37,0.9273,3251
068BVUELTA,68,1.0000,2001
037BIDA,37,0.9765,3260
037BVUELTA,37,0.9714,3261
039FIDA,39,0.6739,3300
060CIDA,60,0.7527,12940
060DIDA,60,1.0000,12940
060HIDA,60,1.0000,12980
067AVUELTA,67,0.9155,2111
067AIDA,67,0.9863,2110
071AIDA,71,0.8857,1110
071AVUELTA,71,0.9500,1111
071CVUELTA,71,0.9385,16681
071CIDA,71,0.8919,16680
074AIDA,74,0.9706,3430
074AVUELTA,74,0.9194,3431
076BVUELTA,76,0.9429,16691
085DIDA,85,0.8611,2860
076BIDA,76,0.9342,16690
095AVUELTA,95,1.0000,3561
080AVUELTA,80,0.9452,3521
080AIDA,80,0.9322,3520
080BVUELTA,80,0.9452,3531
080BIDA,80,0.9333,3530
085CIDA,85,0.9714,2870
085CVUELTA,85,0.9429,2871
086DIDA,86,0.9487,2150
086DVUELTA,86,0.8898,2151
086EIDA,86,1.0000,2040
086EVUELTA,86,0.9651,3061
086FVUELTA,86,0.9659,3061
086FIDA,86,1.0000,3060
086GIDA,86,0.8515,17710
086GVUELTA,86,0.8000,17711
086HVUELTA,86,0.9725,17721
086HIDA,86,0.9208,17720
087AVUELTA,87,0.9545,1791
087BVUELTA,87,0.9138,1811
090AIDA,90,0.6912,24740
087CIDA,87,0.9167,1800
090BIDA,90,0.6038,24740
087CVUELTA,87,0.9286,1801
090BVUELTA,90,0.5263,24751
088HIDA,88,1.0000,2960
091AVUELTA,91,0.9362,1821
088HVUELTA,88,1.0000,2961
088IIDA,88,1.0000,2970
088IVUELTA,88,0.9867,2971
088JVUELTA,88,1.0000,2981
088JIDA,88,1.0000,2980
088KIDA,88,1.0000,3000
088KVUELTA,88,0.9839,3001
088LVUELTA,88,1.0000,2991
095BIDA,95,0.9636,3570
088LIDA,88,1.0000,2990
088MIDA,88,1.0000,6380
088MVUELTA,88,1.0000,6381
088NVUELTA,88,1.0000,19641
091AIDA,91,0.9923,1820
091BIDA,91,1.0000,1840
091CVUELTA,91,0.9810,16341
091CIDA,91,0.9829,16340
092AVUELTA,92,0.9574,3011
092AIDA,92,0.9560,3010
092BIDA,92,0.8000,3010
092BVUELTA,92,0.8125,3011
092CVUELTA,92,0.9559,17311
092DIDA,92,0.9767,3010
092CIDA,92,0.9375,17310
095AIDA,95,0.9692,3560
093AIDA,93,0.9600,2210
093AVUELTA,93,0.9574,2211
093BVUELTA,93,0.9560,2221
093BIDA,93,0.9592,2220
093CVUELTA,93,0.9306,2231
159IIDA,159,0.8214,5770
093CIDA,93,0.9306,2220
159HIDA,159,0.7000,5740
095BVUELTA,95,1.0000,3571
096AHIDA,96,1.0000,17970
096AIDA,96,1.0000,2240
096AAIDA,96,1.0000,17910
096AAVUELTA,96,0.9886,17911
096ABVUELTA,96,0.9419,17921
096ABIDA,96,0.9855,17920
096ACVUELTA,96,0.9861,17931
096ACIDA,96,1.0000,17930
096ADIDA,96,1.0000,17940
096ADVUELTA,96,0.9873,17941
096AEIDA,96,0.9857,17950
096AEVUELTA,96,0.9877,17951
096AFVUELTA,96,1.0000,17961
096AFIDA,96,0.9565,17960
096AGVUELTA,96,0.9901,17971
096AGIDA,96,1.0000,17970
096AHVUELTA,96,0.9848,17981
096TIDA,96,1.0000,17840
096BVUELTA,96,1.0000,2251
096BIDA,96,1.0000,2250
096CIDA,96,1.0000,2260
096CVUELTA,96,1.0000,2261
096DIDA,96,1.0000,2270
096DVUELTA,96,1.0000,2271
096FIDA,96,0.9804,2290
096FVUELTA,96,1.0000,2291
096EVUELTA,96,1.0000,2281
096EIDA,96,1.0000,2280
096GIDA,96,1.0000,2300
096GVUELTA,96,1.0000,2301
096HIDA,96,1.0000,2310
096HVUELTA,96,1.0000,2311
096IIDA,96,1.0000,2320
096IVUELTA,96,1.0000,2321
096JVUELTA,96,0.9512,2241
096JIDA,96,1.0000,2240
096KIDA,96,1.0000,17740
096KVUELTA,96,1.0000,17741
096LVUELTA,96,1.0000,17751
159HVUELTA,159,0.7093,5741
096LIDA,96,1.0000,2260
159FIDA,159,0.7955,5760
096MIDA,96,1.0000,17760
096TVUELTA,96,1.0000,17751
096MVUELTA,96,1.0000,2271
096UVUELTA,96,1.0000,2271
096NIDA,96,1.0000,2280
096NVUELTA,96,1.0000,17771
096NNIDA,96,0.9767,2290
096NNVUELTA,96,1.0000,2291
096OIDA,96,1.0000,2300
096OVUELTA,96,1.0000,2301
096PVUELTA,96,1.0000,2311
096PIDA,96,1.0000,17800
159FVUELTA,159,0.8200,5761
096QIDA,96,1.0000,2320
096UIDA,96,1.0000,17940
096QVUELTA,96,1.0000,17811
159AIDA,159,0.9570,5790
096RVUELTA,96,0.9452,2241
158AIDA,158,0.7619,1960
096RIDA,96,1.0000,2240
158AVUELTA,158,0.8750,1961
096SVUELTA,96,1.0000,17741
096YIDA,96,1.0000,17890
096SIDA,96,1.0000,17830
096YVUELTA,96,1.0000,2311
096VVUELTA,96,1.0000,17771
101AVUELTA,101,1.0000,441
096VIDA,96,1.0000,2280
102AVUELTA,102,0.8095,3581
096WVUELTA,96,1.0000,2291
096ZIDA,96,1.0000,2320
096WIDA,96,0.9706,17870
096ZVUELTA,96,1.0000,17811
096XIDA,96,1.0000,2300
102AIDA,102,0.7879,3580
096XVUELTA,96,1.0000,17881
102BVUELTA,102,0.7576,3581
097AVUELTA,97,0.8000,2331
097AIDA,97,0.8515,2330
098AVUELTA,98,1.0000,2361
102BIDA,102,0.7083,3580
098AIDA,98,0.9722,2360
154AVUELTA,154,0.9394,2601
098BIDA,98,0.9706,2370
098BVUELTA,98,1.0000,2371
154AIDA,154,0.9474,2600
098CVUELTA,98,1.0000,2381
098CIDA,98,1.0000,2380
098DVUELTA,98,1.0000,2391
098DIDA,98,1.0000,2390
098EIDA,98,1.0000,2400
098EVUELTA,98,1.0000,2401
098FIDA,98,1.0000,2410
098FVUELTA,98,1.0000,2411
100AIDA,100,0.8625,1360
105BVUELTA,105,1.0000,2441
100AVUELTA,100,0.7901,1361
100BIDA,100,0.8551,1390
105BIDA,105,0.9821,2440
100BVUELTA,100,0.7875,1391
103BVUELTA,103,0.9737,6391
100CIDA,100,0.9014,1380
100CVUELTA,100,0.9872,1381
101AIDA,101,0.9420,440
109AVUELTA,109,1.0000,15941
101BIDA,101,0.9213,450
101BVUELTA,101,0.9268,451
103AVUELTA,103,0.9792,2421
109AIDA,109,0.9250,15940
103AIDA,103,0.7973,2420
105AVUELTA,105,1.0000,2431
109BVUELTA,109,1.0000,15941
105AIDA,105,0.9839,2430
109BIDA,109,0.9250,15940
106AVUELTA,106,1.0000,1131
107AVUELTA,107,0.9286,1021
107AIDA,107,0.9412,18010
110BIDA,110,0.8929,1160
107BIDA,107,0.9412,18010
110BVUELTA,110,0.9000,1161
107BVUELTA,107,0.9333,18011
103BIDA,103,0.7377,6390
111DVUELTA,111,1.0000,1891
108AIDA,108,0.9178,1030
108AVUELTA,108,0.9630,1031
110AVUELTA,110,1.0000,1151
111DIDA,111,0.9661,1890
110AIDA,110,0.9701,1150
111AVUELTA,111,1.0000,1861
111AIDA,111,0.9787,1900
111BIDA,111,0.9765,1910
111BVUELTA,111,1.0000,1911
111CIDA,111,0.9787,1900
111CVUELTA,111,1.0000,1901
111EIDA,111,0.9706,1900
111EVUELTA,111,1.0000,1911
111FVUELTA,111,1.0000,1871
111FIDA,111,0.9706,1900
103CVUELTA,103,1.0000,6401
113AVUELTA,113,0.9348,1401
103CIDA,103,1.0000,2420
113AIDA,113,0.9787,1400
176NNVUELTA,176,0.9771,18181
113BVUELTA,113,0.9318,1411
176CVUELTA,176,0.9903,18181
113BIDA,113,0.9535,1410
176BIDA,176,0.9528,18050
176BVUELTA,176,0.9286,18051
114AIDA,114,0.8723,43620
114AVUELTA,114,0.9359,43611
114BVUELTA,114,0.9444,43621
114BIDA,114,0.8966,43620
114CIDA,114,0.9155,43620
174CVUELTA,174,0.7778,36971
114CVUELTA,114,0.9565,43631
174CIDA,174,0.8214,36970
176MVUELTA,176,0.9865,18161
176MIDA,176,1.0000,18080
176NVUELTA,176,0.9867,18171
176NIDA,176,1.0000,18170
176JIDA,176,1.0000,18130
176JVUELTA,176,0.9726,18131
176IIDA,176,1.0000,18180
174BVUELTA,174,0.8511,36961
176IVUELTA,176,0.9818,18151
174BIDA,174,0.9211,36960
176HVUELTA,176,0.9615,18111
176HIDA,176,1.0000,18110
176GVUELTA,176,0.9863,18101
176GIDA,176,1.0000,18100
176FVUELTA,176,0.9889,18091
176FIDA,176,1.0000,18090
176EVUELTA,176,0.9889,18081
176EIDA,176,1.0000,18080
176DIDA,176,1.0000,18180
176DVUELTA,176,0.9861,6541
172BVUELTA,172,0.9859,3891
172BIDA,172,0.9880,3890
172AIDA,172,1.0000,3880
172AVUELTA,172,0.9740,3881
169CVUELTA,169,0.3158,1481
117CIDA,117,1.0000,1921
169CIDA,169,0.3000,1481
169AIDA,169,0.8293,1480
169BVUELTA,169,0.9000,16371
166DIDA,166,1.0000,3830
169BIDA,169,0.8868,16370
166DVUELTA,166,1.0000,5371
169AVUELTA,169,0.8750,1481
166CIDA,166,0.6281,5370
166CVUELTA,166,0.4862,5371
118AIDA,118,0.7292,3630
168CIDA,168,0.9074,6490
160LIDA,160,1.0000,17500
168CVUELTA,168,0.9804,6491
160LVUELTA,160,1.0000,2691
168BIDA,168,0.9020,6470
118AVUELTA,118,0.7895,3631
168BVUELTA,168,0.9804,6481
118BIDA,118,0.9259,15970
168AVUELTA,168,0.9714,6471
168AIDA,168,0.9178,6470
118BVUELTA,118,0.9697,3631
166BIDA,166,0.9294,3830
118CVUELTA,118,0.5263,3631
166BVUELTA,166,0.9589,3831
118CIDA,118,0.4483,3630
166AIDA,166,0.9756,5370
166AVUELTA,166,0.9818,5371
123AIDA,123,0.9111,2460
164DIDA,164,,
123AVUELTA,123,0.8958,2461
164DVUELTA,164,,
124AVUELTA,124,0.9545,24721
164CVUELTA,164,,
164CIDA,164,,
164BVUELTA,164,,
124AIDA,124,0.8974,24720
164BIDA,164,,
128AIDA,128,1.0000,4660
164AIDA,164,,
164AVUELTA,164,,
163CVUELTA,163,0.9895,43551
163CIDA,163,1.0000,43550
163BIDA,163,1.0000,37100
128AVUELTA,128,0.9688,4661
163BVUELTA,163,1.0000,37101
129AVUELTA,129,1.0000,43641
163AIDA,163,1.0000,37090
129BIDA,129,1.0000,43650
163AVUELTA,163,0.9839,37091
129JVUELTA,129,1.0000,43731
161BVUELTA,161,0.9483,1471
129LVUELTA,129,0.9328,43751
129LIDA,129,1.0000,43750
161BIDA,161,0.9844,1470
129NIDA,129,0.8897,43790
161AVUELTA,161,0.9848,1461
161AIDA,161,0.9595,1460
160KVUELTA,160,1.0000,2631
160KIDA,160,0.9710,17450
160JVUELTA,160,0.9082,17481
160JIDA,160,0.9341,17480
160IVUELTA,160,1.0000,17471
160IIDA,160,1.0000,17470
160HIDA,160,0.9710,17450
160HVUELTA,160,1.0000,2631
160GIDA,160,0.9200,17440
134AVUELTA,134,0.9615,1451
160GVUELTA,160,0.9048,17481
160FIDA,160,1.0000,2640
160FVUELTA,160,0.9894,2681
160EIDA,160,1.0000,2670
160EVUELTA,160,0.9889,2631
159LVUELTA,159,0.9043,5821
159LIDA,159,0.9765,5820
159KVUELTA,159,0.8537,5781
159KIDA,159,0.9750,5780
159JIDA,159,0.9333,5810
159JVUELTA,159,0.8800,5811
159GIDA,159,0.7879,2620
159GVUELTA,159,0.8000,2611
159EVUELTA,159,0.9857,5751
159EIDA,159,0.9765,5750
159CIDA,159,0.8588,2620
159CVUELTA,159,0.7778,2621
159DVUELTA,159,0.8095,5741
159DIDA,159,0.7802,5740
159BIDA,159,0.9841,2610
159BVUELTA,159,1.0000,2611
153AIDA,153,0.9744,37130
153AVUELTA,153,0.9348,37131
117AIDA,117,0.9368,1920
117AVUELTA,117,0.9823,1921
117BIDA,117,0.8413,1940
135AIDA,135,0.9706,660
117BVUELTA,117,0.9167,1941
136AVUELTA,136,1.0000,37051
136AIDA,136,1.0000,37050
119AVUELTA,119,,
119AIDA,119,,
126AVUELTA,126,0.8846,3651
126AIDA,126,0.7966,3650
126BVUELTA,126,0.8596,3661
126BIDA,126,0.7612,3660
126CVUELTA,126,0.9176,37391
126CIDA,126,0.8101,37390
126DIDA,126,0.7816,37400
126DVUELTA,126,0.8667,37401
127AIDA,127,0.9677,1950
127AVUELTA,127,1.0000,1951
129CIDA,129,1.0000,43650
129CVUELTA,129,1.0000,43691
129GVUELTA,129,1.0000,43701
129GIDA,129,1.0000,43700
129HIDA,129,1.0000,43710
129HVUELTA,129,1.0000,43711
129KIDA,129,1.0000,43740
129KVUELTA,129,1.0000,43741
129NNVUELTA,129,0.8028,43781
129NNIDA,129,0.7612,43780
129PVUELTA,129,1.0000,43801
129PIDA,129,1.0000,43800
129RIDA,129,1.0000,43820
129RVUELTA,129,1.0000,43821
130AIDA,130,0.9206,1430
130AVUELTA,130,0.8438,1431
130BVUELTA,130,0.8641,1441
130BIDA,130,0.8830,1440
133BIDA,133,0.9677,62740
133BVUELTA,133,0.9730,62711
134AIDA,134,0.9474,1450
148EIDA,148,1.0000,4770
135AVUELTA,135,0.9512,661
148EVUELTA,148,1.0000,4771
136BIDA,136,1.0000,37050
136BVUELTA,136,1.0000,37061
136CVUELTA,136,1.0000,37071
136CIDA,136,0.9643,37070
136DVUELTA,136,1.0000,37081
136DIDA,136,1.0000,37050
136EIDA,136,0.9762,43590
136EVUELTA,136,0.9259,43591
140AVUELTA,140,0.8769,62671
140AIDA,140,0.8462,62670
148FIDA,148,1.0000,4790
143AIDA,143,0.9895,43910
143AVUELTA,143,0.9167,43911
143BVUELTA,143,0.9224,43921
143BIDA,143,0.9804,43920
143CVUELTA,143,0.9091,43931
143CIDA,143,0.9770,43930
143DVUELTA,143,0.8478,43941
143DIDA,143,0.9278,43940
143EIDA,143,0.9773,43950
143EVUELTA,143,0.9082,43951
143FIDA,143,0.9775,43960
143FVUELTA,143,0.9135,43961
143GVUELTA,143,0.9151,43971
143GIDA,143,0.9574,43970
145AVUELTA,145,,
145AIDA,145,,
145BIDA,145,,
145BVUELTA,145,,
145CIDA,145,,
145CVUELTA,145,,
148FVUELTA,148,1.0000,4791
146AIDA,146,0.9615,1170
146AVUELTA,146,0.9394,1171
148AVUELTA,148,0.9559,4741
148AIDA,148,1.0000,4740
148BIDA,148,0.9483,4750
148BVUELTA,148,0.8873,4751
148CVUELTA,148,0.9545,4761
148CIDA,148,1.0000,4760
148DIDA,148,0.8594,16700
148DVUELTA,148,0.8939,16701
148GVUELTA,148,1.0000,4781
148GIDA,148,1.0000,4780
148HVUELTA,148,1.0000,4801
148HIDA,148,1.0000,4800
148IVUELTA,148,1.0000,4811
148IIDA,148,1.0000,4810
148JIDA,148,0.9286,4820
148JVUELTA,148,0.9200,4821
150AIDA,150,0.9861,670
150AVUELTA,150,0.9661,731
150BVUELTA,150,0.9516,731
150BIDA,150,0.9867,730
152AIDA,152,1.0000,1180
152AVUELTA,152,0.9804,1181
152BIDA,152,1.0000,4640
152BVUELTA,152,0.9783,1181
152CVUELTA,152,0.9649,15631
152CIDA,152,0.9375,15630
